Time (s),Ankle Position (deg),Ankle Velocity (deg/s),Cable 1 Tension (V),Cable 2 Tension (V),Motor position (rad),Motor velocity (rad/s),Motor Feedforward Torque (Nm),Motor Temperature (C)
0.34708758298074827,18431,0.0,2.482051,3.155751,0.927558,0.01099,-0.025641,62.0
0.4952171249897219,18431,0.0,2.482051,3.146886,0.927558,0.01099,-0.025641,62.0
0.668443083006423,18431,0.0,2.483663,3.179927,0.927558,0.01099,-0.025641,62.0
0.7920416669803672,18431,0.0,2.482051,3.157362,0.927558,0.01099,-0.025641,62.0
0.924312875024043,18431,0.0,2.481246,3.153333,0.927558,0.01099,-0.025641,62.0
1.0364382920088246,18431,0.0,2.482051,3.151721,0.927558,0.01099,-0.025641,62.0
1.1556299999938346,65535,0.0,2.482857,3.176703,0.927558,0.01099,-0.025641,62.0
1.2701376670156606,18431,0.0,2.482857,3.198462,0.927558,0.01099,-0.025641,62.0
1.3923458749777637,18431,0.0,2.482051,3.154139,0.927558,0.01099,-0.025641,62.0
1.5147681669914164,18431,0.0,2.480439,3.067912,0.927558,0.01099,-0.025641,62.0
1.6405239580199122,18431,0.0,2.482857,3.092088,0.927558,0.01099,-0.025641,62.0
1.7747059580287896,18431,0.0,2.482051,3.156557,0.927558,0.01099,-0.025641,62.0
1.9036305000190623,18431,0.0,2.481246,3.176703,0.927558,0.01099,-0.025641,62.0
2.0291346670128405,18431,0.0,2.481246,3.064688,0.927558,0.01099,-0.025641,62.0
2.159746791992802,18431,0.0,2.481246,3.142857,0.927558,0.01099,-0.025641,62.0
2.2889335000072606,18431,0.0,2.482857,3.167839,0.927558,0.01099,-0.025641,62.0
2.4003492079791613,18431,0.0,2.482051,3.130769,0.927558,0.01099,-0.025641,62.0
2.510705417022109,18431,0.0,2.482857,3.175092,0.927558,0.01099,-0.025641,62.0
2.6266484999796376,18431,0.0,2.481246,3.068718,0.927558,0.01099,-0.025641,62.0
2.741919499996584,18431,0.0,2.482051,3.169451,0.927558,0.01099,-0.025641,62.0
2.861937833018601,18431,0.0,2.482051,3.176703,0.927558,0.01099,-0.025641,62.0
2.9776370000327006,18431,0.0,2.481246,3.125128,0.927558,0.01099,-0.025641,62.0
3.0934613330173306,18431,0.0,2.478828,3.062271,0.927558,0.01099,-0.025641,62.0
3.2168206670321524,18431,0.0,2.482051,3.184762,0.927558,0.01099,-0.025641,62.0
3.3384491670294665,18431,0.0,2.481246,3.149304,0.927558,0.01099,-0.025641,62.0
3.4617439580033533,18431,0.0,2.482857,3.184762,0.927558,0.01099,-0.025641,62.0
3.583508250012528,18431,0.0,2.482857,3.146081,0.927558,0.01099,-0.025641,62.0
3.709926416981034,18431,0.0,2.482857,3.167033,0.927558,0.01099,-0.025641,62.0
3.8354672500281595,18431,0.0,2.481246,3.096117,0.927558,0.01099,-0.025641,62.0
3.9616936669917777,18431,0.0,2.482051,3.170256,0.927558,0.01099,-0.025641,62.0
4.090794667019509,18431,0.0,2.483663,3.17348,0.927558,0.01099,-0.025641,62.0
4.222292207996361,18431,0.0,2.482051,3.0937,0.927558,0.01099,-0.025641,62.0
4.354356250027195,18431,0.0,2.482051,3.146081,0.927558,0.01099,-0.025641,62.0
4.485661041981075,18431,0.0,2.482051,3.146886,0.927558,0.01099,-0.025641,62.0
4.61636941699544,18431,0.0,2.482857,3.175897,0.927558,0.01099,-0.025641,62.0
4.731237875006627,18431,0.0,2.482051,3.148498,0.927558,0.01099,-0.025641,62.0
4.8446970829973,18431,0.0,2.482857,3.154139,0.927558,0.01099,-0.025641,62.0
4.9577120000030845,18431,0.0,2.482857,3.146886,0.927558,0.01099,-0.025641,62.0
5.070383333018981,18431,0.0,2.480439,3.087253,0.927558,0.01099,-0.025641,62.0
5.188495583017357,18431,0.0,2.483663,3.189597,0.927558,0.01099,-0.025641,62.0
5.305004417023156,18431,0.0,2.482857,3.154139,0.927558,0.01099,-0.025641,62.0
5.42237975000171,18431,0.0,2.483663,3.12674,0.927558,0.01099,-0.025641,62.0
5.540520916983951,18431,0.0,2.481246,3.146081,0.927558,0.01099,-0.025641,62.0
5.662317208014429,18431,0.0,2.482051,3.155751,0.927558,0.01099,-0.025641,62.0
5.77847695798846,18431,0.0,2.478022,3.152527,0.927558,0.01099,-0.025641,62.0
5.899920750001911,18943,0.0,2.478828,3.176703,0.927558,0.01099,-0.025641,62.0
6.0242307499866,18943,0.0,2.478828,3.144469,0.927558,0.01099,-0.025641,62.0
6.149493333010469,18943,0.0,2.478828,3.15978,0.927558,0.01099,-0.025641,62.0
6.2742179579799995,18943,0.0,2.478022,3.053407,0.927558,0.01099,-0.025641,62.0
6.3915425420273095,18943,0.0,2.489304,3.187985,0.927558,0.01099,-0.025641,62.0
6.51155325002037,18943,0.0,2.494945,3.160586,0.927558,0.01099,-0.025641,62.0
6.634219457977451,18687,0.0,2.501392,3.208938,0.927558,0.01099,-0.025641,62.0
6.754621667030733,18687,0.0,2.506227,3.191209,0.927558,0.01099,-0.025641,62.0
6.873590958013665,18687,0.0,2.507033,3.092894,0.927558,0.01099,-0.025641,62.0
6.99075720802648,18431,0.0,2.511062,3.199267,0.927558,0.01099,-0.025641,62.0
7.111991417012177,18431,0.0,2.512674,3.189597,0.927558,0.01099,-0.025641,62.0
7.236350541992579,18431,0.0,2.517509,3.228278,0.927558,0.01099,-0.025641,62.0
7.358436374983285,18175,0.0,2.519121,3.215385,0.927558,0.01099,-0.025641,62.0
7.482877207978163,17919,0.0,2.519121,3.098535,0.927558,0.01099,-0.025641,62.0
7.610854625003412,15871,0.0,2.519927,3.19282,0.927558,0.01099,-0.025641,62.0
7.733614291995764,8191,0.0,2.520732,3.221025,0.927558,0.01099,-0.025641,62.0
7.860557958018035,64767,0.0,2.519121,3.133187,0.927558,0.01099,-0.025641,62.0
7.984254291979596,60415,0.0,2.519927,3.212161,0.927558,0.01099,-0.025641,62.0
8.105565125006251,54783,0.0,2.520732,3.211355,0.927558,0.01099,-0.025641,62.0
8.232117332983762,46079,0.0,2.521538,3.208938,0.927558,0.01099,-0.025641,62.0
8.356838207982946,36095,0.0,2.525568,3.236337,0.927558,0.01099,-0.025641,62.0
8.478967708011623,27391,0.0,2.525568,3.231502,0.927558,0.01099,-0.025641,62.0
8.606654583010823,65535,0.0,2.529597,3.229084,0.927558,0.01099,-0.025641,62.0
8.734599374991376,4863,0.0,2.529597,3.190403,0.927558,0.01099,-0.025641,62.0
8.862327000009827,59647,0.0,2.531209,3.224249,0.927558,0.01099,-0.025641,62.0
8.99102875002427,46591,0.0,2.524762,3.196044,0.927558,0.01099,-0.025641,62.0
9.117199999978766,35327,0.0,2.524762,3.202491,0.927558,0.01099,-0.025641,62.0
9.227419500006363,27391,0.0,2.517509,3.15011,0.927558,0.01099,-0.025641,62.0
9.338617832981981,22015,0.0,2.49011,3.202491,0.927558,0.01099,-0.025641,62.0
9.449789582984522,20735,0.0,2.46674,3.10337,0.927558,0.01099,-0.025641,62.0
9.55792679201113,20735,0.0,2.457875,3.179927,0.927558,0.01099,-0.025641,62.0
9.667924291978125,20991,0.0,2.45707,3.120293,0.927558,0.01099,-0.025641,62.0
9.777905458002351,20991,0.0,2.45707,3.200879,0.927558,0.01099,-0.025641,62.0
9.885764333012048,20991,0.0,2.45707,3.153333,0.927558,0.01099,-0.025641,62.0
9.994858207996003,21247,0.0,2.453846,3.187985,0.927558,0.01099,-0.025641,62.0
10.1042346250033,20991,0.0,2.45304,3.193626,0.927558,0.01099,-0.025641,62.0
10.214906083012465,20991,0.0,2.440146,3.125934,0.927558,0.01099,-0.025641,62.0
10.325258125027176,20991,0.0,2.440146,3.166227,0.927558,0.01099,-0.025641,62.0
10.43718558299588,21247,0.0,2.42,3.0937,0.927558,0.01099,-0.025641,62.0
10.549337000004016,21503,0.0,2.403077,3.160586,0.927558,0.01099,-0.025641,62.0
10.662043958029244,21759,0.0,2.384542,3.124322,0.927558,0.01099,-0.025641,62.0
10.770744832989294,22015,0.0,2.378095,3.121099,0.927558,0.01099,-0.025641,62.0
10.879077667021193,23551,0.0,2.374066,3.117069,0.927558,0.01099,-0.025641,62.0
10.987447792023886,27647,0.0,2.367619,3.08967,0.927558,0.01099,-0.025641,62.0
11.096137417014688,34303,0.0,2.368425,3.104982,0.927558,0.01099,-0.025641,62.0
11.203838707995601,44543,0.0,2.367619,3.020366,0.927558,0.01099,-0.025641,62.0
11.313605667033698,55807,0.0,2.371648,3.117876,0.927558,0.01099,-0.025641,62.0
11.42216883302899,2047,0.0,2.370037,2.987326,0.927558,0.01099,-0.025641,62.0
11.533408500021324,18943,0.0,2.37326,3.107399,0.927558,0.01099,-0.025641,62.0
11.645871750020888,34047,0.0,2.372454,3.104982,0.927558,0.01099,-0.025641,62.0
11.756858833017759,47871,0.0,2.370037,3.094506,0.927558,0.01099,-0.025641,62.0
11.868052542035002,63743,0.0,2.369231,3.077582,0.927558,0.01099,-0.025641,62.0
11.978758250013925,12799,0.0,2.369231,3.071136,0.927558,0.01099,-0.025641,62.0
12.089551458018832,25855,0.0,2.370037,3.091282,0.927558,0.01099,-0.025641,62.0
12.200223583029583,38399,0.0,2.370842,3.071136,0.927558,0.01099,-0.025641,62.0
12.310007875028532,49663,0.0,2.369231,3.061465,0.927558,0.01099,-0.025641,62.0
12.422447208024096,59903,0.0,2.370037,3.071941,0.927558,0.01099,-0.025641,62.0
12.533894332998898,5375,0.0,2.369231,3.071136,0.927558,0.01099,-0.025641,62.0
12.647657292021904,17151,0.0,2.370037,3.05663,0.927558,0.01099,-0.025641,62.0
12.762445208034478,27391,0.0,2.386154,3.055018,0.927558,0.01099,-0.025641,62.0
12.873962541983929,36095,0.0,2.391795,3.063077,0.927558,0.01099,-0.025641,62.0
12.984684917028062,36863,0.0,2.42,3.134799,0.927558,0.01099,-0.025641,62.0
13.094642625015695,37119,0.0,2.434505,3.068718,0.927558,0.01099,-0.025641,62.0
13.204985374992248,65535,0.0,2.440146,3.156557,0.927558,0.01099,-0.025641,62.0
13.316780833003577,37119,0.0,2.442564,3.148498,0.927558,0.01099,-0.025641,62.0
13.427083291986492,37119,0.0,2.451428,3.17348,0.927558,0.01099,-0.025641,62.0
13.536633874988183,37119,0.0,2.458681,3.168645,0.927558,0.01099,-0.025641,62.0
13.646812917024363,36863,0.0,2.475604,3.196044,0.927558,0.01099,-0.025641,62.0
13.758871541998815,36863,0.0,2.488498,3.213773,0.927558,0.01099,-0.025641,62.0
13.869872874987777,36351,0.0,2.496557,3.203297,0.927558,0.01099,-0.025641,62.0
13.979580542014446,35839,0.0,2.507033,3.217802,0.927558,0.01099,-0.025641,62.0
14.09117095801048,34047,0.0,2.512674,3.212967,0.927558,0.01099,-0.025641,62.0
14.201139833021443,30207,0.0,2.511868,3.215385,0.927558,0.01099,-0.025641,62.0
14.31123758299509,26623,0.0,2.516703,3.225861,0.927558,0.01099,-0.025641,62.0
14.421283792005852,22783,0.0,2.519927,3.213773,0.927558,0.01099,-0.025641,62.0
14.53125,17151,0.0,2.519927,3.209743,0.927558,0.01099,-0.025641,62.0
14.642897207988426,65535,0.0,2.521538,3.221025,0.927558,0.01099,-0.025641,62.0
14.754881417029537,3071,0.0,2.522344,3.221831,0.927558,0.01099,-0.025641,62.0
14.866587583033834,60927,0.0,2.527179,3.217802,0.927558,0.01099,-0.025641,62.0
14.976411500014365,53247,0.0,2.527985,3.221831,0.927558,0.01099,-0.025641,62.0
15.088310624996666,44799,0.0,2.525568,3.21055,0.927558,0.01099,-0.025641,62.0
15.20017933298368,36607,0.0,2.52315,3.120293,0.927558,0.01099,-0.025641,62.0
15.311761917022523,28927,0.0,2.525568,3.230696,0.927558,0.01099,-0.025641,62.0
15.422166000003926,24063,0.0,2.498974,3.128351,0.927558,0.01099,-0.025641,62.0
15.53377104201354,22015,0.0,2.477216,3.178315,0.927558,0.01099,-0.025641,62.0
15.646112166985404,22015,0.0,2.478828,3.178315,0.927558,0.01099,-0.025641,62.0
15.757367082987912,22783,0.0,2.478022,3.179927,0.927558,0.01099,-0.025641,62.0
15.867541250016075,22783,0.0,2.480439,3.188791,0.927558,0.01099,-0.025641,62.0
15.980785167019349,22783,0.0,2.478828,3.167839,0.927558,0.01099,-0.025641,62.0
16.100218000006862,22783,0.0,2.478828,3.071941,0.927558,0.01099,-0.025641,62.0
16.219582625024486,22783,0.0,2.478828,3.184762,0.927558,0.01099,-0.025641,62.0
16.338755458011292,22783,0.0,2.479634,3.15978,0.927558,0.01099,-0.025641,62.0
16.455607625015546,22783,0.0,2.478022,3.148498,0.927558,0.01099,-0.025641,62.0
16.568929792032577,22783,0.0,2.478022,3.088864,0.927558,0.01099,-0.025641,62.0
16.681814457988366,22783,0.0,2.479634,3.188791,0.927558,0.01099,-0.025641,62.0
16.792911958007608,22783,0.0,2.478828,3.050989,0.927558,0.01099,-0.025641,62.0
16.903617042000405,22783,0.0,2.478828,3.181538,0.927558,0.01099,-0.025641,62.0
17.01421254198067,22783,0.0,2.479634,3.175897,0.927558,0.01099,-0.025641,62.0
17.124322000017855,22783,0.0,2.479634,3.171868,0.927558,0.01099,-0.025641,62.0
17.234957791981287,22783,0.0,2.479634,3.177509,0.927558,0.01099,-0.025641,62.0
17.346939000010025,22783,0.0,2.478828,3.151721,0.927558,0.01099,-0.025641,62.0
17.45877345802728,22783,0.0,2.478828,3.156557,0.927558,0.01099,-0.025641,62.0
17.57029041700298,22527,0.0,2.478828,3.181538,0.927558,0.01099,-0.025641,62.0
17.68234791699797,22527,0.0,2.479634,3.162198,0.927558,0.01099,-0.025641,62.0
17.794096792000346,65535,0.0,2.478022,3.155751,0.927558,0.01099,-0.025641,62.0
17.905148749996442,22527,0.0,2.479634,3.146081,0.927558,0.01099,-0.025641,62.0
18.016262667020783,22527,0.0,2.479634,3.153333,0.927558,0.01099,-0.025641,62.0
18.12816191703314,22527,0.0,2.478022,3.15978,0.927558,0.01099,-0.025641,62.0
18.239858250017278,22527,0.0,2.477216,3.104982,0.927558,0.01099,-0.025641,62.0
18.351758916978724,22527,0.0,2.479634,3.194432,0.927558,0.01099,-0.025641,62.0
18.46557862497866,22527,0.0,2.479634,3.146081,0.927558,0.01099,-0.025641,62.0
18.580779667012393,22527,0.0,2.478828,3.161392,0.927558,0.01099,-0.025641,62.0
18.693764791998547,22527,0.0,2.478828,3.158169,0.927558,0.01099,-0.025641,62.0
18.80575937498361,22527,0.0,2.479634,3.166227,0.927558,0.01099,-0.025641,62.0
18.9199755419977,22527,0.0,2.478022,3.162198,0.927558,0.01099,-0.025641,62.0
19.030444999982137,22527,0.0,2.478828,3.162198,0.927558,0.01099,-0.025641,62.0
19.143001958029345,22783,0.0,2.477216,3.095311,0.927558,0.01099,-0.025641,62.0
19.254493582993746,22783,0.0,2.480439,3.195238,0.927558,0.01099,-0.025641,62.0
19.366018750006333,22783,0.0,2.478022,3.062271,0.927558,0.01099,-0.025641,62.0
19.47684175003087,22783,0.0,2.478828,3.18718,0.927558,0.01099,-0.025641,62.0
19.588881417002995,22527,0.0,2.478828,3.184762,0.927558,0.01099,-0.025641,62.0
19.700927582976874,22527,0.0,2.478828,3.171868,0.927558,0.01099,-0.025641,62.0
19.812121291994117,65535,0.0,2.478828,3.189597,0.927558,0.01099,-0.025641,62.0
19.922488374984823,22783,0.0,2.479634,3.176703,0.927558,0.01099,-0.025641,62.0
20.034122916986234,22783,0.0,2.478828,3.170256,0.927558,0.01099,-0.025641,62.0
20.144389250024687,22527,0.0,2.479634,3.165421,0.927558,0.01099,-0.025641,62.0
20.258184832986444,22783,0.0,2.479634,3.156557,0.927558,0.01099,-0.025641,62.0
20.370978999999352,22783,0.0,2.478828,3.166227,0.927558,0.01099,-0.025641,62.0
20.481502667011227,22527,0.0,2.479634,3.095311,0.927558,0.01099,-0.025641,62.0
20.591572333010845,22527,0.0,2.478022,3.160586,0.927558,0.01099,-0.025641,62.0
20.704872542002704,22527,0.0,2.478828,3.155751,0.927558,0.01099,-0.025641,62.0
20.821430917014368,22527,0.0,2.478022,3.167839,0.927558,0.01099,-0.025641,62.0
20.932851332996506,22527,0.0,2.478022,3.182344,0.927558,0.01099,-0.025641,62.0
21.04308904201025,22527,0.0,2.478022,3.17348,0.927558,0.01099,-0.025641,62.0
21.155687708000187,22527,0.0,2.478022,3.164615,0.927558,0.01099,-0.025641,62.0
21.26993470801972,22527,0.0,2.479634,3.154945,0.927558,0.01099,-0.025641,62.0
21.38141045800876,22527,0.0,2.478022,3.142051,0.927558,0.01099,-0.025641,62.0
21.49210558302002,22527,0.0,2.479634,3.154139,0.927558,0.01099,-0.025641,62.0
21.602193208003882,22527,0.0,2.478022,3.151721,0.927558,0.01099,-0.025641,62.0
21.710611457994673,22527,0.0,2.478828,3.162198,0.927558,0.01099,-0.025641,62.0
21.82121029199334,65535,0.0,2.478828,3.163004,0.927558,0.01099,-0.025641,62.0
21.9302340419963,22783,0.0,2.480439,3.19282,0.927558,0.01099,-0.025641,62.0
22.040123042010237,22783,0.0,2.478828,3.155751,0.927558,0.01099,-0.025641,62.0
22.150166417006403,22783,0.0,2.480439,3.090476,0.927558,0.01099,-0.025641,62.0
22.258691125025507,22783,0.0,2.478828,3.163004,0.927558,0.01099,-0.025641,62.0
22.36757616698742,22783,0.0,2.479634,3.133993,0.927558,0.01099,-0.025641,62.0
22.48183504201006,22783,0.0,2.478828,3.143663,0.927558,0.01099,-0.025641,62.0
22.595025249989703,22783,0.0,2.478828,3.157362,0.927558,0.01099,-0.025641,62.0
22.70422025001608,22783,0.0,2.477216,3.112234,0.927558,0.01099,-0.025641,62.0
22.81230787502136,22783,0.0,2.478022,3.146081,0.927558,0.01099,-0.025641,62.0
22.925704292021692,22783,0.0,2.477216,3.075165,0.927558,0.01099,-0.025641,62.0
23.03994220797904,22783,0.0,2.480439,3.193626,0.927558,0.01099,-0.025641,62.0
23.162992208031937,22783,0.0,2.478022,3.154139,0.927558,0.01099,-0.025641,62.0
23.27482862502802,22783,0.0,2.478828,3.150916,0.927558,0.01099,-0.025641,62.0
23.387171833019238,22783,0.0,2.477216,3.13641,0.927558,0.01099,-0.025641,62.0
23.50641795800766,22783,0.0,2.481246,3.196044,0.927558,0.01099,-0.025641,62.0
23.617391458014026,22783,0.0,2.480439,3.171062,0.927558,0.01099,-0.025641,62.0
23.729999167029746,22783,0.0,2.478828,3.161392,0.927558,0.01099,-0.025641,62.0
23.84271133301081,22783,0.0,2.478828,3.154945,0.927558,0.01099,-0.025641,62.0
23.955225082987454,22783,0.0,2.479634,3.135604,0.927558,0.01099,-0.025641,62.0
24.06610204197932,22783,0.0,2.479634,3.168645,0.927558,0.01099,-0.025641,62.0
24.18910366698401,22783,0.0,2.478828,3.186374,0.927558,0.01099,-0.025641,62.0
24.303642667015083,22783,0.0,2.478828,3.180732,0.927558,0.01099,-0.025641,62.0
24.416678457986563,22783,0.0,2.478828,3.162198,0.927558,0.01099,-0.025641,62.0
24.529514333000407,22783,0.0,2.478022,3.150916,0.927558,0.01099,-0.025641,62.0
24.641074958024547,22783,0.0,2.478828,3.125128,0.927558,0.01099,-0.025641,62.0
24.753311667009257,22783,0.0,2.479634,3.164615,0.927558,0.01099,-0.025641,62.0
24.86582120798994,22783,0.0,2.479634,3.156557,0.927558,0.01099,-0.025641,62.0
24.979495792009402,65535,0.0,2.475604,3.116264,0.927558,0.01099,-0.025641,62.0
25.091890792013146,22783,0.0,2.478828,3.175092,0.927558,0.01099,-0.025641,62.0
25.20418983302079,22783,0.0,2.479634,3.169451,0.927558,0.01099,-0.025641,62.0
25.31692212499911,22783,0.0,2.478828,3.157362,0.927558,0.01099,-0.025641,62.0
25.431976000021677,22783,0.0,2.479634,3.161392,0.927558,0.01099,-0.025641,62.0
25.544493750028778,65535,0.0,2.478022,3.142051,0.927558,0.01099,-0.025641,62.0
25.65619875001721,22783,0.0,2.478828,3.187985,0.927558,0.01099,-0.025641,62.0
25.767871332995128,22783,0.0,2.478022,3.152527,0.927558,0.01099,-0.025641,62.0
25.88013616699027,22783,0.0,2.477216,3.099341,0.927558,0.01099,-0.025641,62.0
25.992459332977887,22783,0.0,2.478828,3.182344,0.927558,0.01099,-0.025641,62.0
26.108599167026114,22783,0.0,2.478828,3.184762,0.927558,0.01099,-0.025641,62.0
26.22835558297811,22783,0.0,2.479634,3.138022,0.927558,0.01099,-0.025641,62.0
26.3444765000022,22783,0.0,2.478022,3.153333,0.927558,0.01099,-0.025641,62.0
26.461784375016578,22783,0.0,2.478828,3.192015,0.927558,0.01099,-0.025641,62.0
26.575328707986046,22783,0.0,2.477216,3.162198,0.927558,0.01099,-0.025641,62.0
26.686589125019964,22783,0.0,2.478828,3.16381,0.927558,0.01099,-0.025641,62.0
26.802808917011134,22783,0.0,2.479634,3.167839,0.927558,0.01099,-0.025641,62.0
26.91899066697806,22783,0.0,2.479634,3.104176,0.927558,0.01099,-0.025641,62.0
27.034893708012532,22783,0.0,2.478828,3.168645,0.927558,0.01099,-0.025641,62.0
27.15037020802265,22783,0.0,2.479634,3.18718,0.927558,0.01099,-0.025641,62.0
27.266220499994233,65535,0.0,2.478022,3.151721,0.927558,0.01099,-0.025641,62.0
27.379275333019905,22783,0.0,2.480439,3.185568,0.927558,0.01099,-0.025641,62.0
27.494739249988925,22783,0.0,2.479634,3.189597,0.927558,0.01099,-0.025641,62.0
27.60946166701615,22783,0.0,2.478828,3.176703,0.927558,0.01099,-0.025641,62.0
27.725278083002195,22783,0.0,2.478022,3.17348,0.927558,0.01099,-0.025641,62.0
27.841486625024118,65535,0.0,2.478828,3.161392,0.927558,0.01099,-0.025641,62.0
27.95528012502473,22527,0.0,2.480439,3.151721,0.927558,0.01099,-0.025641,62.0
28.07095904200105,22783,0.0,2.477216,3.084029,0.927558,0.01099,-0.025641,62.0
28.18449870799668,22527,0.0,2.481246,3.189597,0.927558,0.01099,-0.025641,62.0
28.298150499991607,22783,0.0,2.480439,3.182344,0.927558,0.01099,-0.025641,62.0
28.411348208028357,65535,0.0,2.481246,3.167033,0.927558,0.01099,-0.025641,62.0
28.52685304201441,22527,0.0,2.481246,3.169451,0.927558,0.01099,-0.025641,62.0
28.643938333028927,22783,0.0,2.480439,3.148498,0.927558,0.01099,-0.025641,62.0
28.759372125030495,22527,0.0,2.484469,3.096923,0.927558,0.01099,-0.025641,62.0
28.876999542000704,22527,0.0,2.49011,3.164615,0.927558,0.01099,-0.025641,62.0
28.993941083026584,22527,0.0,2.489304,3.158169,0.927558,0.01099,-0.025641,62.0
29.108694249996915,22271,0.0,2.49011,3.123516,0.927558,0.01099,-0.025641,62.0
29.224148374982178,22271,0.0,2.488498,3.154945,0.927558,0.01099,-0.025641,62.0
29.342653125000652,22271,0.0,2.489304,3.170256,0.927558,0.01099,-0.025641,62.0
29.460470792022534,22271,0.0,2.482857,3.149304,0.927558,0.01099,-0.025641,62.0
29.576612624980044,22271,0.0,2.482857,3.075971,0.927558,0.01099,-0.025641,62.0
29.692457791999914,22271,0.0,2.482857,3.17348,0.927558,0.01099,-0.025641,62.0
29.80969887500396,22271,0.0,2.482857,3.154945,0.927558,0.01099,-0.025641,62.0
29.926090250024572,22271,0.0,2.483663,3.163004,0.927558,0.01099,-0.025641,62.0
30.042718791984953,22271,0.0,2.481246,3.097729,0.927558,0.01099,-0.025641,62.0
30.163151249988005,22271,0.0,2.484469,3.168645,0.927558,0.01099,-0.025641,62.0
30.28929316700669,22271,0.0,2.484469,3.178315,0.927558,0.01099,-0.025641,62.0
30.407508167030755,22271,0.0,2.482857,3.181538,0.927558,0.01099,-0.025641,62.0
30.526717000000644,22271,0.0,2.482857,3.167033,0.927558,0.01099,-0.025641,62.0
30.649854707997292,22271,0.0,2.483663,3.178315,0.927558,0.01099,-0.025641,62.0
30.772096708009485,22271,0.0,2.483663,3.15978,0.927558,0.01099,-0.025641,62.0
30.897242499981076,22271,0.0,2.482857,3.168645,0.927558,0.01099,-0.025641,62.0
31.01236379198963,22271,0.0,2.484469,3.190403,0.927558,0.01099,-0.025641,62.0
31.134041875018738,22271,0.0,2.482051,3.161392,0.927558,0.01099,-0.025641,62.0
31.254527374985628,22271,0.0,2.483663,3.166227,0.927558,0.01099,-0.025641,62.0
31.37300416699145,22271,0.0,2.482857,3.138828,0.927558,0.01099,-0.025641,62.0
31.49584904202493,22271,0.0,2.482857,3.154139,0.927558,0.01099,-0.025641,62.0
31.612348292022943,22271,0.0,2.485275,3.184762,0.927558,0.01099,-0.025641,62.0
31.73182495799847,22271,0.0,2.482857,3.154945,0.927558,0.01099,-0.025641,62.0
31.850137417030055,65535,0.0,2.482051,3.042125,0.927558,0.01099,-0.025641,62.0
31.966689458000474,22271,0.0,2.484469,3.202491,0.927558,0.01099,-0.025641,62.0
32.0823812080198,22271,0.0,2.483663,3.161392,0.927558,0.01099,-0.025641,62.0
32.19717783300439,22271,0.0,2.483663,3.158974,0.927558,0.01099,-0.025641,62.0
32.311372917029075,22271,0.0,2.480439,3.109011,0.927558,0.01099,-0.025641,62.0
32.42648387502413,22271,0.0,2.483663,3.185568,0.927558,0.01099,-0.025641,62.0
32.54081141698407,22271,0.0,2.483663,3.166227,0.927558,0.01099,-0.025641,62.0
32.65429729199968,22271,0.0,2.482857,3.169451,0.927558,0.01099,-0.025641,62.0
32.771521500020754,22271,0.0,2.483663,3.154945,0.927558,0.01099,-0.025641,62.0
32.88796116702724,22271,0.0,2.482051,3.149304,0.927558,0.01099,-0.025641,62.0
33.0078845419921,22271,0.0,2.484469,3.16381,0.927558,0.01099,-0.025641,62.0
33.12482245801948,22271,0.0,2.483663,3.148498,0.927558,0.01099,-0.025641,62.0
33.24251270800596,22271,0.0,2.484469,3.16381,0.927558,0.01099,-0.025641,62.0
33.35746158298571,22271,0.0,2.484469,3.102564,0.927558,0.01099,-0.025641,62.0
33.472177167015616,22271,0.0,2.482051,3.18315,0.927558,0.01099,-0.025641,62.0
33.58704770798795,22271,0.0,2.483663,3.158974,0.927558,0.01099,-0.025641,62.0
33.703409417008515,22271,0.0,2.484469,3.156557,0.927558,0.01099,-0.025641,62.0
33.81939037499251,22271,0.0,2.482051,3.079194,0.927558,0.01099,-0.025641,62.0
33.934682541992515,22271,0.0,2.483663,3.183956,0.927558,0.01099,-0.025641,62.0
34.05060191702796,22271,0.0,2.482857,3.179121,0.927558,0.01099,-0.025641,62.0
34.16627950000111,22271,0.0,2.482857,3.164615,0.927558,0.01099,-0.025641,62.0
34.28073699999368,22271,0.0,2.482051,3.154139,0.927558,0.01099,-0.025641,62.0
34.39520554197952,22271,0.0,2.482857,3.155751,0.927558,0.01099,-0.025641,62.0
34.511630708002485,22271,0.0,2.482857,3.167033,0.927558,0.01099,-0.025641,62.0
34.62756395799806,22271,0.0,2.483663,3.157362,0.927558,0.01099,-0.025641,62.0
34.74402112502139,22271,0.0,2.483663,3.161392,0.927558,0.01099,-0.025641,62.0
34.858234582992736,22271,0.0,2.483663,3.137216,0.927558,0.01099,-0.025641,62.0
34.97162091702921,22271,0.0,2.483663,3.157362,0.927558,0.01099,-0.025641,62.0
35.087413874978665,22271,0.0,2.484469,3.189597,0.927558,0.01099,-0.025641,62.0
35.20440270798281,22271,0.0,2.482051,3.171868,0.927558,0.01099,-0.025641,62.0
35.32037820800906,22271,0.0,2.482857,3.079194,0.927558,0.01099,-0.025641,62.0
35.437192458019126,22271,0.0,2.483663,3.17348,0.927558,0.01099,-0.025641,62.0
35.553402166988235,22271,0.0,2.483663,3.190403,0.927558,0.01099,-0.025641,62.0
35.67097391700372,22271,0.0,2.482051,3.162198,0.927558,0.01099,-0.025641,62.0
35.789793582982384,22271,0.0,2.482051,3.084835,0.927558,0.01099,-0.025641,62.0
35.905397541995626,22271,0.0,2.484469,3.200879,0.927558,0.01099,-0.025641,62.0
36.0233462920296,22271,0.0,2.483663,3.166227,0.927558,0.01099,-0.025641,62.0
36.138978542003315,22271,0.0,2.482857,3.153333,0.927558,0.01099,-0.025641,62.0
